places,review,review_num
Singapore River Cruise,"2,509 reviews",4
Singapore Flyer,"17,343 reviews",4.5
National Museum of Singapore,"2,818 reviews",4.5
Long Bar,"2,999 reviews",3.5
Singapore Zoo,"22,358 reviews",4.5
Singapore Cable Car,"4,174 reviews",4.5
Singapore Mass Rapid Transit (SMRT),"24,043 reviews",4.5
Merlion Park,"9,549 reviews",4
Singapore Botanic Gardens,"19,811 reviews",4.5
Madame Tussauds Singapore,"2,019 reviews",4
Universal Studios Singapore,"19,970 reviews",4.5
CE LA VI Singapore,"2,279 reviews",4.5
National Gallery Singapore,"1,278 reviews",4.5
Indie Singapore,"1,213 reviews",5
Battlebox,"2,492 reviews",5
Raffles Hotel Arcade,"1,714 reviews",4
Sands Skypark Observation Deck,"16,866 reviews",4.5
Singapore Cable Car (Sentosa),"2,185 reviews",4.5
Chinatown,"14,396 reviews",4
Little India,"4,053 reviews",4
Fort Canning Park,"1,078 reviews",4
Singapore DUCKtours,"1,531 reviews",4
Singapore River,"2,150 reviews",4.5
Marina Bay,"12,997 reviews",4.5
Boat Quay,"1,249 reviews",4
Chinatown Heritage Centre,"1,099 reviews",4.5
Orchard Road,"13,500 reviews",4
Clarke Quay,"3,391 reviews",4.5
1-Altitude Gallery & Bar,"1,439 reviews",4.5
Maxwell Food Centre,"3,266 reviews",4
Waterfront Promenade,"4,410 reviews",4.5
Gardens by the Bay,"59,521 reviews",4.5
Arab Street,"2,300 reviews",4
Supertree Grove,"5,976 reviews",4.5
Sentosa Merlion,"2,408 reviews",4
Asian Civilisations Museum,"2,195 reviews",4.5
Food Playground,"1,096 reviews",5
Peranakan Museum,"1,237 reviews",4.5
East Coast Park,"1,216 reviews",4.5
Lau Pa Sat Festival Pavilion,"1,565 reviews",4
Mustafa Centre,"3,052 reviews",4
The Helix Bridge,"2,898 reviews",4.5
Bugis Street,"1,929 reviews",4
Changi Chapel and Museum,"2,053 reviews",4.5
Jewel Changi Airport,"1,162 reviews",4.5
City Scoot,627 reviews,5
Monster Day Tours,"1,060 reviews",5
VivoCity,"1,444 reviews",4
Singapore Foot Reflexology,377 reviews,5
F1 - Singapore Grand Prix,595 reviews,4.5
Night Safari,"12,148 reviews",4
Johor Bahru City Square,"1,227 reviews",4
Cloud Forest,"14,923 reviews",4.5
National Orchid Garden,"13,818 reviews",4.5
River Safari,"3,021 reviews",4
Jurong Bird Park,"5,212 reviews",4.5
Buddha Tooth Relic Temple and Museum,"6,423 reviews",4.5
Haw Par Villa,870 reviews,4
ION Orchard,"1,019 reviews",4
The Original Singapore Walks,724 reviews,5
MacRitchie Nature Trail,"1,844 reviews",4.5
Singapore Visitor Centre @orchardgateway,661 reviews,4.5
Singapore City Explorers,442 reviews,5
Let's Go Bike,787 reviews,5
The Southern Ridges,"1,172 reviews",4.5
Spectra - A Light And Water Show,"1,318 reviews",4.5
Kranji War Memorial,999 reviews,4.5
Free Singapore Tour,531 reviews,4
Batam Centre Ferry Terminal,807 reviews,3.5
The Shoppes at Marina Bay Sands,"2,190 reviews",4.5
Fort Siloso,697 reviews,4
Xcape Singapore,"1,294 reviews",5
Adventure Cove Waterpark,"2,467 reviews",4
Legoland Malaysia,"5,931 reviews",4
Flower Dome,"6,484 reviews",4.5
Trick Eye Museum Singapore,"1,099 reviews",4
Science Centre Singapore,770 reviews,4
Esplanade - Theatres on the Bay,"1,084 reviews",4.5
Sri Mariamman Temple,"1,031 reviews",4
Palawan Beach,"1,022 reviews",4
Daytrip,"2,749 reviews",5
Mega Adventure,"1,378 reviews",4.5
Wings of Time,"2,124 reviews",4.5
MacRitchie Reservoir,856 reviews,4.5
ArtScience Museum at Marina Bay Sands,"1,656 reviews",4
Haji Lane,"1,041 reviews",4
Flight Experience,878 reviews,5
Jane's SG Tours,215 reviews,5
Bike Around Tour,934 reviews,5
The Intan,577 reviews,5
Wok 'n' Stroll,149 reviews,5
Singapore City Gallery,514 reviews,4.5
Sultan Mosque,"1,065 reviews",4
Sentosa Boardwalk,"1,335 reviews",4.5
Healing Touch Spa,891 reviews,4.5
Tempat Senang Spa,485 reviews,5
The Escape Hunt Experience Singapore,420 reviews,4.5
KSL City Mall,850 reviews,3.5
Sandbox VR,543 reviews,5
Siloso Beach,"1,302 reviews",4
Mega Mall Batam Centre,463 reviews,4
iFly Singapore,668 reviews,4.5
Tour East Singapore,"1,062 reviews",4
Billion Stars Express,336 reviews,1
The Real Singapore Tours,283 reviews,5
SneakPeek Singapore Walking Tours,443 reviews,5
Skyline Luge Sentosa,"3,230 reviews",4.5
Kampong Glam,476 reviews,4.5
Virtual Room: Virtual Reality Singapore,232 reviews,5
ION Sky,340 reviews,4
Marina Barrage,680 reviews,4
S.E.A. Aquarium,"6,742 reviews",4.5
KidZania Singapore,561 reviews,3.5
Henderson Waves,627 reviews,4.5
Terminal Bersepadu Selatan,290 reviews,3
Hello Singapore,495 reviews,5
Sungei Buloh Wetland Reserve,539 reviews,4.5
SIA Hop-on,328 reviews,4
The Pinnacle @ Duxton,249 reviews,4.5
Smoke & Mirrors,469 reviews,4
Butterfly Garden,646 reviews,4.5
Singapore Sidecars,198 reviews,5
Chijmes,756 reviews,4
Mohan's Custom Tailors,368 reviews,5
Takashimaya Singapore,711 reviews,4
National Library of Singapore,569 reviews,4.5
Chinatown Street Market,636 reviews,4
Withlocals,322 reviews,5
Tours By Locals,65 reviews,5
Bugis Junction,732 reviews,4
Chinese and Japanese Gardens,745 reviews,4
Aeon Bukit Indah Shopping Centre,256 reviews,4
Lucky Plaza,668 reviews,3
Seasonz India,859 reviews,5
Golden Mile Complex,312 reviews,2
Food Tour Singapore,111 reviews,5
Thian Hock Keng Temple,308 reviews,4
Plaza Singapura,324 reviews,4
Singapore Art Museum,517 reviews,4
Bukit Timah Nature Reserve,420 reviews,4
Ultimate Drive,266 reviews,4.5
Tribe,612 reviews,5
SingaBites,118 reviews,5
Suntec City,642 reviews,4
Sri Veeramakaliamman Temple,548 reviews,4
Tanjong Beach,305 reviews,4
Biking Singapore,93 reviews,5
Johor Bahru Sentral Railway Station,106 reviews,4
Mount Faber,390 reviews,4
Cavenagh Bridge,283 reviews,4
Natureland Spa,203 reviews,5
"WOOBAR, W Singapore - Sentosa Cove",262 reviews,4.5
Natureland Robertson Walk,384 reviews,4.5
Ambassador Transit Lounge,632 reviews,3.5
CityUnscripted,318 reviews,4.5
Plaza Premium Lounge (Singapore),339 reviews,4
OCBC Skyway,568 reviews,4.5
28 Hong Kong Street,305 reviews,4.5
Amari Tailor,661 reviews,5
Raffles City,522 reviews,4
Sim Lim Square,452 reviews,2.5
Snow City Singapore,286 reviews,2.5
Emerald Hill,320 reviews,4.5
Cat Cafe Neko no Niwa,242 reviews,4.5
Great World Travel,229 reviews,5
Kinki Restaurant + Bar,462 reviews,3.5
Wild Wild Wet,418 reviews,4
City Sightseeing Singapore,823 reviews,4
Holland Village,339 reviews,4
Resorts World Sentosa Casino,409 reviews,4
OrcaNation,196 reviews,5
Forest Adventure,197 reviews,4.5
Ikeda Spa,466 reviews,4.5
Esplanade Park,436 reviews,4.5
Tiong Bahru Estate,100 reviews,4
City Square Mall,326 reviews,4
Origin Bar,213 reviews,5
St Andrew's Cathedral,402 reviews,4
Travel Delightfully,308 reviews,4.5
Lost Sg,245 reviews,4.5
Bukit Brown Cemetery,227 reviews,4.5
Treetop Walk,195 reviews,4.5
MAM Holidays Singapore,75 reviews,4.5
BullionStar,309 reviews,5
Labrador Nature Reserve,205 reviews,4
Crane Dance at Resort World Sentosa,349 reviews,4.5
Avenue Link Transport Group,305 reviews,5
Natureland Holland Village,276 reviews,5
Aeon Mall,573 reviews,4
The Maritime Experiential Museum,305 reviews,4
IMM Outlet Mall,345 reviews,3.5
Statue of Raffles,276 reviews,3.5
Dolphin Island,314 reviews,4.5
Amazing Chambers Singapura,177 reviews,5
Ikeda Spa,195 reviews,5
The Qantas Singapore Lounge,250 reviews,4
Alive Museum,195 reviews,3.5
So SPA,186 reviews,4
Cookery Magic,299 reviews,5
Exotic Voyages,317 reviews,5
Bath Culture Foot Therapy,202 reviews,4.5
Bamba,554 reviews,4
Chiang Mai Night Safari,"1,363 reviews",3.5
Hong Kong Observation Wheel,449 reviews,4
Surviving the Japanese Occupation: War and Its Legacies,176 reviews,4.5
Reflections at Bukit Chandu,89 reviews,4.5
Walks of Our Life,64 reviews,5
Former Ford Factory,57 reviews,4.5
Taman Orkid Kuala Lumpur,482 reviews,3.5
Resorts World Sentosa,831 reviews,4
Natureland,169 reviews,5
Paragon,267 reviews,4
Johor-Singapore Causeway,31 reviews,3.5
New MST Transport Holiday,117 reviews,5
Ria Bintan Golf Club,250 reviews,4.5
Thrillophilia,904 reviews,4.5
SATS Premier Lounge,269 reviews,3.5
Robertson Quay,233 reviews,4
East Inspirations,155 reviews,5
SilverKris Lounge,243 reviews,4
Fort Siloso Skywalk,186 reviews,4.5
Singapore Philatelic Museum,246 reviews,4
Bollywood Veggies,175 reviews,4
Mint Museum of Toys,268 reviews,4
Funan,209 reviews,3.5
Singapore Discovery Centre,105 reviews,4
Tekka Centre,277 reviews,4
Fountain of Wealth,648 reviews,3.5
BOUNCE Singapore,116 reviews,4
Singapore Island Country Club,48 reviews,4.5
Gogreen Segway Eco Adventure,293 reviews,3.5
Bonifacio Global City,882 reviews,4.5
Skypark Sentosa by AJ Hackett,203 reviews,5
Kayak Fishing Fever,335 reviews,5
Bar Rouge Singapore,121 reviews,4.5
Parkview Square,164 reviews,4.5
Indian Heritage Centre,126 reviews,4
Armenian Church,111 reviews,4
Malay Heritage Centre,171 reviews,4
City Tours,110 reviews,3
Big Bus Tours,316 reviews,3.5
FunVee City Tour,259 reviews,3
Trapped Escape Room Singapore,763 reviews,5
Zero Latency Singapore,85 reviews,4.5
St John's Island,113 reviews,4
SEA LIFE Busan Aquarium,724 reviews,4
Marina Bay Sands Casino,"1,286 reviews",3.5
Travel Western Australia,768 reviews,5
Singapore Footprints,40 reviews,4.5
Tour About Singapore,40 reviews,5
Singapore Foodsters,151 reviews,5
Perfume Workshop Singapore,262 reviews,5
Singapore Turf Club,146 reviews,4
Desaru Beach,195 reviews,3.5
Tour East,"1,747 reviews",4
The Fullerton Monument Tour,131 reviews,5
Georgia Aquarium,"23,204 reviews",4.5
Big Box Singapore,69 reviews,2.5
Aeroline Service Centre Singapore,100 reviews,4
Singapore Cruise Centre,144 reviews,3.5
Friendly Shoe Shop,"1,425 reviews",4.5
Singapore Indoor Stadium,59 reviews,4
Singapore Joo Chiat Food Walk,23 reviews,4.5
Singapore Pub Crawl,246 reviews,4.5
ZIIIRO Singapore,56 reviews,5
Canvas Singapore,87 reviews,5
Pororo Park Singapore,142 reviews,4.5
National University of Singapore,32 reviews,4.5
Let's Go Cook Singapore,197 reviews,5
1st Avenue Mall,235 reviews,3.5
Wave House Sentosa,222 reviews,4
Jacob Ballas Children's Garden,89 reviews,4.5
Sarto di Moda,235 reviews,5
DFS Singapore Changi Airport,183 reviews,4
Sun Yat Sen Nanyang Memorial Hall,85 reviews,4.5
Free Singapore Tours,27 reviews,4.5
NUS Baba House,117 reviews,4.5
Lee Kong Chian Natural History Museum,143 reviews,4.5
Natureland Chijmes,167 reviews,5
921 Earthquake Museum of Taiwan,292 reviews,4.5
Sekupang Ferry Terminal,158 reviews,4
"T Galleria by DFS, Singapore",58 reviews,3
Singapore Food Trail Adventures - Day Tours,27 reviews,5
Facia Ginza Singapore (Clarke Quay Branch),68 reviews,5
Maxi-Cab Singapore,64 reviews,5
The Walking Singapore,108 reviews,5
Singapore Quarry,27 reviews,4.5
"10,000 Miles - Private Day Tours",46 reviews,5
Geylang Adventures,29 reviews,5
Comedy Masala,135 reviews,5
Kong Meng San Phor Kark See Temple,101 reviews,4.5
Singapore Maritime Gallery,38 reviews,4
Central Business District,127 reviews,4
Culture Curious Singapore Tours,24 reviews,5
Singapore Travel Guide,18 reviews,5
Singapore Freediving Academy,16 reviews,5
Anfield Stadium,"7,429 reviews",4.5
Olbrich Botanical Gardens,"1,647 reviews",5
MRT,"2,840 reviews",4.5
Republic of Singapore Navy Museum,19 reviews,4.5
Suntec Singapore Convention & Exhibition Centre,203 reviews,4
The Tintin Shop,117 reviews,4
Singapore Cricket Club,171 reviews,4
Army Museum of Singapore,31 reviews,4
Streets Alive Singapore,26 reviews,5
National Stadium,168 reviews,4
Kampong Buangkok,30 reviews,4
Bubble Bump Singapore,19 reviews,4.5
Kuala Lumpur Tours,323 reviews,5
Omni-Theatre by Science Centre Singapore,54 reviews,3.5
Marquee Singapore,30 reviews,4.5
Singapore Musical Box Museum,40 reviews,4.5
O-Ride Singapore Mini Segway Tours,60 reviews,5
Singapore Tours by Solid Travel,23 reviews,4.5
Tanah Merah Ferry Terminal,178 reviews,3.5
Raffles Landing Site,105 reviews,3.5
Civilian War Memorial,144 reviews,4
Yixing Xuan Teahouse,145 reviews,5
Clubhouse SG,139 reviews,4.5
Everyday Tour Company,64 reviews,5
RMG Tours Private Limited,487 reviews,4
Sri Srinivasa Perumal Temple,146 reviews,4
Singapore Wake Park,22 reviews,4
Kusu Island,109 reviews,4
Katong District,251 reviews,4
Houbii Spot Singapore,26 reviews,5
Run With Me Singapore,9 reviews,5
Singapore Freedivers,28 reviews,5
Kee Hing Hung Pte. Ltd.,107 reviews,5
Singapore Pinacotheque de Paris,21 reviews,3
Sunway Lagoon,"3,312 reviews",4
Ngee Ann City,171 reviews,4
Marina Bay Singapore Countdown,25 reviews,4.5
River Explorer Singapore- Day Tours,43 reviews,3.5
Zouk,160 reviews,3.5
BooksActually,86 reviews,4.5
Eastern & Oriental Express,52 reviews,4.5
The Spa at Mandarin Oriental Singapore,30 reviews,4.5
Kinokuniya Bookstore,131 reviews,4.5
Lazarus Island,36 reviews,4.5
Thow Kwang Pottery Jungle and Dragon Kiln,46 reviews,4.5
Tipple and Dram,157 reviews,5
Mozio - Singapore,10 reviews,5
Singapore Alive - Day Tours,13 reviews,2.5
Dome,826 reviews,3.5
Nagoya Hill Shopping Mall,"1,134 reviews",3.5
Satay Street,194 reviews,4
Marina Bay Cruise Centre,171 reviews,3.5
Sky Dining in Singapore Flyer - GreenHoliday,38 reviews,3.5
Tokyo Metro,"2,376 reviews",4.5
Singapore-Johore Express,13 reviews,3
Singapore Cab Booking,10 reviews,4
Osaka Aquarium Kaiyukan,"6,658 reviews",4.5
KidZania Bangkok,682 reviews,4.5
Aperture Tours,27 reviews,5
The American Club Singapore,19 reviews,4
Dempsey Hill,104 reviews,4
BRIX,130 reviews,4
Flyer Lounge @ Singapore Flyer,44 reviews,4
Singapore Island Cruise & Ferry Services,13 reviews,3.5
Yunomori Onsen & Spa,174 reviews,3.5
Parliament of Singapore,44 reviews,3.5
Changi Beach,157 reviews,4
Mahaco Impex,93 reviews,5
The Spa Secret,"1,324 reviews",4.5
The Sentosa Express,"3,757 reviews",4.5
Causeway Link,113 reviews,3
VegThisCity,51 reviews,5
Kinetic Rain,261 reviews,4.5
Temple of Sri Kailawasanathan Swami Devasthanam Kovil,346 reviews,4
Remede Spa,104 reviews,4.5
Hort Park,138 reviews,4.5
Komtar JBCC,163 reviews,4
Clarke Quay Central,174 reviews,4
Bintan Resort Ferries,225 reviews,4
Royal Albatross,386 reviews,4.5
Loof,469 reviews,4
Butterfly Park & Insect Kingdom,605 reviews,2.5
Ambassador Transit Lounge,306 reviews,4
SuperPark Singapore,29 reviews,4
Singapore XD Theatre,21 reviews,4
Shanghai Ocean Aquarium,964 reviews,4
UOB,115 reviews,4
Geylang Serai,126 reviews,4
Faber Peak,96 reviews,4
Coney Island Park,80 reviews,4
Danga Bay,402 reviews,3
Orchard Gateway,84 reviews,3.5
The Fullerton Maritime Journey Tour,71 reviews,5
Chek Jawa,147 reviews,4.5
Segway Tours Singapore,37 reviews,4
Singapore Hong San See,15 reviews,4
"The Ritz-Carlton Spa, Singapore",10 reviews,4
Tea Chapter,178 reviews,5
The Thai Spa,138 reviews,5
People of the River,92 reviews,4
Altimate,57 reviews,4.5
Robinsons Raffles City,48 reviews,3.5
Cat Village Houtong,578 reviews,4
The Projector,54 reviews,4.5
Yacht Escape - Mikanna,37 reviews,5
The Bicycle Hut,101 reviews,5
Cakebread Cellars,694 reviews,4.5
Lake Taupo,543 reviews,4.5
Bishan Ang Mo Kio Park,80 reviews,4.5
Coriander Leaf Cooking Classes,52 reviews,5
Cathedral of the Good Shepherd,69 reviews,4.5
Sembawang Hot Spring,46 reviews,4
JoyScoot,47 reviews,4.5
Joo Chiat/Katong,104 reviews,4
Jalan Wong Ah Fook,270 reviews,3.5
Sultan Abu Bakar State Mosque,233 reviews,4
Kalea Spa,447 reviews,4.5
Spa Central Batam (Batam Centre),500 reviews,4.5
My Cozy Room Boutique Spa @ Cairnhill,104 reviews,4.5
Lim Bo Seng Memorial,20 reviews,3.5
Marina Bay Golf Course,102 reviews,4
The Sentosa Bus,358 reviews,4.5
Hatyai Thai Massage,34 reviews,4.5
G-MAX Reverse Bungy,141 reviews,4.5
Paradigm Mall,179 reviews,4
The Library,116 reviews,4.5
Saigon Centre,265 reviews,4
Desaru Coast Adventure Waterpark,167 reviews,4
Emirates Lounge,60 reviews,4.5
The Smith Street Taps,39 reviews,4.5
Orchid Garden & Koi Pond,164 reviews,4.5
Drama Box,151 reviews,5
Afond Boutique Spa,124 reviews,4.5
Woodlands,53 reviews,3.5
Red Dot Design Museum,238 reviews,3.5
HarbourFront Centre,135 reviews,4
Dnata Lounge,237 reviews,3.5
AEON Mall,135 reviews,4
The Other Room,118 reviews,4.5
Library @ Orchard,70 reviews,4.5
Central Fire Station,106 reviews,4
KrisFlyer Gold Lounge,175 reviews,2.5
Jubilee Bridge,80 reviews,4
Anderson Bridge,132 reviews,3.5
Sentosa 4D Adventureland,477 reviews,3.5
Singapore Sports Hub,18 reviews,4
The Crazy Elephant,105 reviews,4
Kuan Yin Thong Hood Cho Temple,182 reviews,4
Marina Square,271 reviews,4
Far East Organization Children's Garden,59 reviews,4.5
Horizon Fast Ferry,67 reviews,3.5
City Hall Building,113 reviews,4
Xoleil Spa Village,53 reviews,5
Watertown Brand Outlet Centre,376 reviews,3.5
Singapore Maxi Cab & Minibus Booking by SGMaxi Pte Ltd,9 reviews,4
CYC Made To Measure: Best Tailor in Singapore,11 reviews,3.5
Native,70 reviews,4.5
Jesse and Son Custom Tailors,192 reviews,5
Lamoist - Layers Batam,161 reviews,4.5
Viet Vision Travel - Day Tours,184 reviews,5
It works by Hama,33 reviews,5
Chingay Parade,25 reviews,4.5
Orchard Tower,112 reviews,3.5
Nirwana Beach Club,192 reviews,4
Lian Shan Shuang Lin Temple,36 reviews,4.5
Imperial Apple Spa,48 reviews,4.5
Jurong East Swimming Complex,122 reviews,4
Riverside Point,42 reviews,4.5
Sentosa Golf Club,80 reviews,4.5
Chan Ngee,36 reviews,5
Changi Sailing Club,34 reviews,4.5
The Nail Social,77 reviews,4.5
Tanjong Pagar,86 reviews,4
Changi Swimming Pool,111 reviews,4.5
Banyan Tree Spa Marina Bay Sands,42 reviews,4.5
Chinese New Year (China Town),90 reviews,4.5
Fo Guang Shan Buddha Museum,"1,203 reviews",4.5
Chateau d'Angers,"2,770 reviews",4.5
Atlas Travelz,102 reviews,4.5
Ruby Dot Trails,51 reviews,5
Lantern,117 reviews,4
Istana,96 reviews,4
Buffalo Tours,49 reviews,4
Pasir Ris Park,130 reviews,4
Urban SPA,42 reviews,4.5
Cool Cats,58 reviews,4.5
Sarkies Bar at The Strand Hotel,197 reviews,4
Southernmost point of Asia,157 reviews,4
Metro Trains,148 reviews,2.5
The NEWater Visitor Centre,39 reviews,4.5
Far East Plaza,128 reviews,3.5
LOST in JB,133 reviews,4.5
Damai Spa,51 reviews,4.5
Great World,157 reviews,4
Civil Defence Heritage Gallery,61 reviews,4
Golden Peacock Travel & Tours,110 reviews,5
CableSki Park,31 reviews,4
Dairy Farm Nature Park,14 reviews,4.5
goScoot,33 reviews,4.5
Royal Park Rajapruek,871 reviews,4.5
NOSHtrekker,42 reviews,5
Lush Spa,63 reviews,4.5
Bintan Lagoon Resort Golf Club,148 reviews,4
Tibet Vista,"1,085 reviews",4.5
Jurong Lake Garden,39 reviews,4.5
Victoria Theatre & Victoria Concert Hall,99 reviews,4
Natureland Liat Towers,142 reviews,5
Sri Krishnan Temple,99 reviews,4
Elgin Bridge,74 reviews,4
Air Force Museum,64 reviews,4
Attica,80 reviews,3.5
OCBC Aquatic Centre,22 reviews,4.5
Singapore Night Festival,31 reviews,4.5
SC Vivocity,96 reviews,4
Church of St. Alphonsus,24 reviews,4.5
Boon Tat St,77 reviews,4
Padang,75 reviews,3.5
Lower Peirce Reservoir Park,34 reviews,4.5
Dialogue in the Dark Singapore,16 reviews,5
Caroline Pang Travel Photography,33 reviews,5
Kenko Reflexology and Fish Spa,66 reviews,4.5
Float At The Bay,17 reviews,4
Chinese Heritage Centre,19 reviews,4.5
The Centrepoint,78 reviews,3.5
Sembawang Park,41 reviews,4
Ode To Art,44 reviews,4.5
Changi City Point,104 reviews,4
Hay Dairies,43 reviews,3.5
Captivate Escape Rooms,101 reviews,4
Causeway Bay,"1,157 reviews",4
Nice Executive Coach,104 reviews,2
Chinese Heritage Museum,103 reviews,4
Secret Food Tours Singapore,70 reviews,5
Wisma Atria Shopping Centre,130 reviews,4
Spiffy Dapper,117 reviews,4
The Village Trishaw Tour,37 reviews,4
Palm Springs Golf & Beach Resort,66 reviews,4
KKKL,38 reviews,2
West Coast Park,86 reviews,4
Jurong Point Shopping Mall,83 reviews,4
Adventures by Asian Detours,141 reviews,4.5
Nex,98 reviews,4
MyTrip Transport Services,32 reviews,4.5
DHC Marina,193 reviews,4
Tanjung Piai National Park,95 reviews,4
313@somerset,258 reviews,4
Ah Seng Durian,38 reviews,4.5
Geylang Serai New Market,104 reviews,4
Bridge of Sighs,355 reviews,4.5
Big Bubble Centre,69 reviews,4.5
Ransack Puzzle Hunt,176 reviews,5
BonAppetour Experience,33 reviews,4.5
The Green Corridor,36 reviews,4
Sabaai Sabaai Thai Massage,72 reviews,4.5
Christmas Wonderland at Gardens By The Bay,100 reviews,3
Little India Arcade,172 reviews,3.5
Chestnut Nature Park,24 reviews,4.5
Taxi2Airport,707 reviews,3.5
Aberdeen Centre,205 reviews,4
The Merry Lion,25 reviews,5
Palm Ave Float Club,25 reviews,4.5
Raffles Place Skyscraper Buildings,78 reviews,4
Indulgence Beauty Centre,57 reviews,5
Silat Road Sikh Temple,18 reviews,4.5
Hologate Singapore,30 reviews,5
Gs-Diving,18 reviews,5
Original Food Tours Singapore,23 reviews,5
River Hongbao,36 reviews,4.5
Pulau Ubin Nature and Kampong Walk,31 reviews,4.5
Victor York-The Boutique By The River,35 reviews,4.5
LM Travel,313 reviews,5
Darioush Winery,442 reviews,4.5
Enchanted Garden,90 reviews,4.5
Westgate Shopping Mall,92 reviews,4
Malayan Railways,76 reviews,3.5
Jem,100 reviews,4
AVA VACATIONS,37 reviews,4.5
Woodlands Waterfront Park,45 reviews,4
China Square Central,57 reviews,4
Tanglin Mall Bazaar,76 reviews,4
Tea Tree Spa,85 reviews,4.5
Dilip Textiles,21 reviews,5
Que Pasa Wine Bar & Tapas,79 reviews,3.5
Telok Ayer Street,68 reviews,4
Miramar Entertainment Park,285 reviews,4
Aurora Spa By The Retreat,32 reviews,5
Orchard Central,137 reviews,4
Tantric Bar & May Wong's Cafe,37 reviews,3.5
Changi Point Boardwalk,51 reviews,4
Captain Explorer DUKW Tour,43 reviews,3.5
Bang Bang,72 reviews,2.5
The Arts House,65 reviews,4
Palate Sensations Cooking School Day Classes,49 reviews,4
Shaw Theatres Lido Imax,82 reviews,4
MyProGuide Singapore,7 reviews,5
Parkway Parade,111 reviews,4
Tangs Plaza,122 reviews,4
Alfie Browns,13 reviews,5
Chinatown Point,147 reviews,4
Bukit Batok Nature Park,75 reviews,4
PasarBella - A Farmers' Market,107 reviews,4
Bugis+,115 reviews,4
Kent Ridge Park,61 reviews,4
Gillman Barracks,59 reviews,4
Timbre X @ The Substation,42 reviews,3
HKIA No.1 Passenger Terminal Building Shopping Area,284 reviews,4
Anthony The Spice Maker,10 reviews,4.5
Martini Bar at Mezza9,88 reviews,3.5
Sentosa Nature Discovery,162 reviews,4
Potshot Memorial,64 reviews,4.5
Auriga Spa,60 reviews,4.5
Changi Experience Studio,101 reviews,5
Pokemon Center Singapore,11 reviews,4
Nagore Durgha Shrine,34 reviews,3.5
Central Sikh Temple,22 reviews,4
Tanglin Shopping Centre,75 reviews,4
SBS Transit - Rail Transit,34 reviews,4.5
CE LA VI Club Lounge & SkyBar,130 reviews,3.5
Old Supreme Court Building,75 reviews,4
St Joseph's Church,70 reviews,4
Floating Bridge at Siloso Beach,234 reviews,4
Good Luck Beer House,33 reviews,4.5
Sweetravel Korea - Private Day Tours,451 reviews,5
"Plaza Premium Lounge (Terminal 2, Zone A)",185 reviews,4
Pulau Hantu,16 reviews,3.5
STPI – Creative Workshop & Gallery,12 reviews,4.5
Far East Shopping Centre,45 reviews,3.5
Bali Fun Ship Day Cruise,77 reviews,3.5
Keepers: Singapore Designer Collective,7 reviews,4.5
Jamae Mosque,98 reviews,3.5
Bikes n Sights,4 reviews,5
Hdb,16 reviews,4
InterContinental Singapore Heritage Trail,4 reviews,5
Maha Vihara Duta Maitreya Temple,301 reviews,4
Kranji Countryside,18 reviews,4
National Design Centre,34 reviews,4
My Fishing Frenzy Academy,108 reviews,4.5
PortaSpa,106 reviews,4.5
Offbeat Tours,21 reviews,5
The Olde Cuban,48 reviews,3.5
A Chef's Tour (Singapore),19 reviews,5
Singapore Symphony Orchestra,9 reviews,4.5
Sunflower Garden,110 reviews,4
Puteri Harbour,88 reviews,4
Sungei Road Thieves Market,28 reviews,3
Singapore Street Shots,17 reviews,5
Neuron,50 reviews,3.5
Fuk Tak Chi Museum,26 reviews,3.5
La Maison du Whisky,31 reviews,4
Anambas Islands,60 reviews,4.5
Hill Street Building,66 reviews,4
Phuket Orchid Farm,186 reviews,3.5
Bubble Soccer Singapore,15 reviews,4.5
Abdul Gaffoor Mosque,70 reviews,4
Holiday Plaza Mall,82 reviews,3
Singapore Coins And Notes Museum,7 reviews,3
Little Guilin,36 reviews,4
People's Park Complex,149 reviews,4
Go! Running Tours Singapore,4 reviews,5
SKAI Bar,18 reviews,5
SATS Premier Lounge,104 reviews,3.5
Cactus Garden,82 reviews,3.5
Ang Mo Kio Town,36 reviews,4
Food Prowlers,6 reviews,5
Sisters' Islands,13 reviews,3.5
The Pump Room,46 reviews,3.5
The Live Turtle and Tortoise Museum,102 reviews,3
Yoga Mala,34 reviews,4.5
Hat of Cain,38 reviews,5
i Light Marina Bay,49 reviews,4.5
Esplanade Bridge,73 reviews,4
Standard Chartered Marathon Singapore,18 reviews,3.5
Marina Country Club Singapore,8 reviews,3
HSBC Rain Vortex,41 reviews,4.5
Harley-Davidson of Singapore,4 reviews,5
Sunny Cove Dive Centre,24 reviews,5
Aroma River Spa,57 reviews,4.5
Mandai Track 15,6 reviews,5
BOB Marine Yacht Charters Singapore,4 reviews,4
IB HQ,30 reviews,5
My Odyssey Tours - Singapore One-Day Tour,7 reviews,5
Saugatuck Dune Rides,"2,149 reviews",5
Chimelong Safari Park,"1,387 reviews",4.5
Komodo National Park,794 reviews,4.5
Taipei Zoo,"3,191 reviews",4.5
Clique Gaming,5 reviews,5
Pulau Kukup National Park,78 reviews,3.5
Cenotaph,34 reviews,3.5
The Star Vista,89 reviews,4
Vine Vera,285 reviews,4.5
Gaomei Wetland,"1,178 reviews",4.5
Sahara Luxury Trips,424 reviews,5
Pink Blossoms Brewing,7 reviews,5
The Queen & Mangosteen,70 reviews,3
Casino De Genting,95 reviews,3.5
Raffles Square,61 reviews,4
Acid Bar,77 reviews,4
Ipanema World Music Bar,40 reviews,4
Liang Court,67 reviews,4
Japanese Cemetery Park,34 reviews,4
Isetan Scotts,143 reviews,4
Punggol Park,56 reviews,4
Parasol Up Parasol Down at Wynn Las Vegas,484 reviews,4.5
KL Forest Eco Park,538 reviews,4
D'Bintan Salon Day Spa,179 reviews,4.5
Nongsa Pura Ferry Terminal,78 reviews,3.5
CulinaryOn,643 reviews,4.5
Enjoy Taxi Bangkok,683 reviews,5
Ashibina Outlet Mall,713 reviews,3.5
Singapore Repertory Theatre,7 reviews,4.5
Singapore Chinese Orchestra,4 reviews,5
Rainforest Lumina,270 reviews,4
Sifr Aromatics,21 reviews,5
Prime Aces Limousine,31 reviews,5
Grand Batam Shopping Centre,30 reviews,4.5
Thirsty - The Beer Shop,15 reviews,4.5
Chiak Local,14 reviews,5
Gin Journey,14 reviews,5
Sukajadi Golf Course,77 reviews,4.5
The Els Club Desaru Coast - Ocean Course,57 reviews,4.5
South Bridge Road,12 reviews,4.5
The Cat Cafe,97 reviews,3.5
Pagoda Street,95 reviews,4
The Escape Artist,96 reviews,4.5
House of Tan Teng Niah,36 reviews,4
Urban Escape Day Spa & Beauty Lounge,54 reviews,5
The Dive Company,35 reviews,4.5
Asia Park,730 reviews,4
"Temple of 1,000 Lights (Sakya Muni Buddha Gaya)",47 reviews,4
GOURMETbus,33 reviews,3.5
Clarity Compass Tours,6 reviews,5
Sarah Lev,49 reviews,5
Detours,5 reviews,5
Kranji Marshes,23 reviews,3.5
Sydney Seafood School,108 reviews,4.5
TS1 Transtar Cross-Border Service,38 reviews,1.5
Lion City Guides,6 reviews,5
The Great Escape,5 reviews,4.5
Lion Heartlanders,8 reviews,5
City Unscripted,29 reviews,5
Myanmar Plaza Shopping Center,144 reviews,4
Phuket Botanic Garden,555 reviews,4
KidZania Kuala Lumpur,630 reviews,4
Sengkang Swimming Complex,43 reviews,4
Kenko Reflexology and Fish Spa,33 reviews,4
Splash-N-Surf,13 reviews,4.5
Quayside Isle,29 reviews,4.5
Brass Lion Distillery,14 reviews,4
Singapore Momentum Sculpture,7 reviews,3.5
Sands Expo and Convention Center,40 reviews,4.5
Gardens Shop,22 reviews,4
Water B,93 reviews,4
The Bar at 15 Stamford,15 reviews,5
Singapore Polo Club,6 reviews,3.5
Singapore Trolley,7 reviews,2.5
Lake of Dreams,79 reviews,3
M&B Private Jewelers,10 reviews,5
Punggol Waterway Park,54 reviews,4
Kamppi Shopping Centre,289 reviews,4
Jinji Lake,442 reviews,4.5
Arv Holidays - Same Day Taj Mahal Tour,286 reviews,4.5
Margaret River Adventure Co.,107 reviews,5
Bedok Mall,56 reviews,3.5
MasterCard Theatres,40 reviews,3.5
Bike Park Wales,454 reviews,4.5
Songkhla Lake,121 reviews,4
Cameron Highlands,188 reviews,4
Foundation Stone of the Monument of the Early Founders of Singapore,16 reviews,3
Wanderlust Adventures,88 reviews,5
La Source Spa,23 reviews,4.5
Coney Island Park,33 reviews,4
Prangin Mall,294 reviews,3.5
Johor Zoo,303 reviews,3.5
Salcedo Saturday Market,194 reviews,4.5
Toko Aljunied,10 reviews,4.5
Emirates First Class Lounge,891 reviews,4.5
Sri Mariamman Temple,164 reviews,3.5
Indian National Army Monument,18 reviews,3
Sinorama,737 reviews,4
Cinnabar Red Bar,141 reviews,4
Masjid Abdul Gafoor,54 reviews,4
Temple Street,48 reviews,4
Kenko Wellness,46 reviews,4
The Grandstand,22 reviews,4
Aloha Cocktail-Bar,168 reviews,4.5
BCS Mall,208 reviews,4
Seletar Country Club,16 reviews,4.5
Shanghai Dolly,68 reviews,4.5
The Single Cask,24 reviews,4.5
Poppy Fabric,24 reviews,4.5
Upper Seletar Reservoir,18 reviews,4.5
Xi Yuan Foot Spa,12 reviews,4.5
Mystery Room Escape,30 reviews,4.5
Christian Armani Ladies & Gents Tailors,13 reviews,4.5
Marina South Ferries,10 reviews,5
Universal Studios Japan,"10,682 reviews",4
Kuala Lumpur Sentral Railway Station,"1,538 reviews",4
Leong San See Temple,50 reviews,3.5
Tiger Brewery Tour,242 reviews,4
World of Birdnest Museum,14 reviews,5
Singapore Airlines SilverKris Lounge,4 reviews,4.5
The Gem Museum,22 reviews,5
Limousine Taxi Singapore,7 reviews,3.5
The Sandalwood Room,9 reviews,5
Raffles Lighthouse,2 reviews,4.5
Oriental Travel and Tours,35 reviews,5
Banyan Tree Spa Bintan,35 reviews,4.5
African Safari Group,284 reviews,5
Meomi Cat Cafe,63 reviews,4
Admiralty Park,38 reviews,4
Waterway Point,53 reviews,4
My Foot Reflexology,11 reviews,5
The Punggol Settlement,34 reviews,4
Marine Parade Market,29 reviews,4
Wheelock Place,48 reviews,3.5
Eurasian Heritage Gallery,13 reviews,4
Empire Lounge,35 reviews,3.5
Tirupati Holidays- Private Rajasthan Tours,16 reviews,5
Singapore River Festival,9 reviews,4
Jenny Bakery Kowloon Tsim Sha Tsui store,432 reviews,3.5
Pulau Semakau,6 reviews,4
Aramsa ~ The Garden Spa,56 reviews,3.5
Katong Antique House,34 reviews,4
The Church Of Our Lady Of Lourdes,36 reviews,4
Youth Olympic Park,10 reviews,3.5
Luxury Coach Services,17 reviews,4
Bukit Batok WWII Memorial Site,15 reviews,3.5
Chinatown Visitor Centre,39 reviews,3.5
Fort Canning Lighthouse,16 reviews,3.5
Police Heritage Centre,7 reviews,3.5
Maps Bali Tour,565 reviews,5
Lacquer & Spa,10 reviews,4.5
The Club At Koi,414 reviews,4.5
Mongol Global Tour,91 reviews,5
Silom Complex,234 reviews,4
Tempozan Harbor Village,235 reviews,4
Martha Tilaar Salon and Day Spa - Batam,72 reviews,4
Marlin Divers,12 reviews,4.5
Waga Mari Catamaran Charters,20 reviews,5
The Time of Tea,11 reviews,4.5
Trimmings Salon & Spa - AVEDA,12 reviews,5
Polar Bear Gallery,8 reviews,5
On Tap,9 reviews,5
Foodies Day Out,1 review,5
Fishzone Sportfishing,11 reviews,5
Silken Treasure,7 reviews,5
Makan Bus,13 reviews,5
MST Transport,13 reviews,5
Enjoy Tea,13 reviews,5
VGP Marine Kingdom,107 reviews,4.5
Newman Exclusive Tailor,55 reviews,4
GO! Massage,146 reviews,4
Sri Thandayuthapani Temple,27 reviews,4
Hajjah Fatimah Mosque,36 reviews,4
Ningxia Nightmarket,"1,401 reviews",4
Hokkaido Treasure Island Travel,302 reviews,5
Farm Gate Market,456 reviews,4.5
Elephant Bar,236 reviews,4.5
Janeshwar Mishra Park,218 reviews,4.5
Littered With Books,13 reviews,4
The Mall,189 reviews,3
Dragon Tiger Tower,"1,159 reviews",4
City Link Mall,64 reviews,4
Bras Basah Complex,53 reviews,3.5
Zantino Tailor,113 reviews,5
Nimble/Knead,6 reviews,4.5
Church of Saints Peter and Paul,40 reviews,4
Malabar Mosque,47 reviews,3.5
Chulia Street,490 reviews,4
Degiosart,12 reviews,5
Windsor Nature Park,8 reviews,4.5
J Studios,29 reviews,5
Smiggle,43 reviews,4
Book My Breaks,1 review,5
Marina Bay Waterfront Promenade,10 reviews,4.5
Xiamen University,"1,273 reviews",4.5
Marlion LLC,13 reviews,5
Jurong Frog Farm,31 reviews,4
Read Bridge　(Malacca Bridge),30 reviews,3.5
Marina at Nongsa Point Marina & Resort,68 reviews,4
Johore Battery,12 reviews,2.5
Rumah Bebe,43 reviews,3.5
Taboo,11 reviews,2.5
The Untamed Paths,56 reviews,5
Jubilee Walk,7 reviews,4
Millenia Walk,69 reviews,3.5
SG on Tap,8 reviews,5
Natureland,77 reviews,5
SBS Transit,47 reviews,3.5
Baguio City Market,145 reviews,4
Paul's Fashion,312 reviews,4.5
Lower Seletar Reservoir,28 reviews,4
Amazonia,35 reviews,2.5
Tampines Mall,54 reviews,4
Sakae,995 reviews,4
Gunung Lambak,116 reviews,4
Hong Kong Sneakers Street,360 reviews,3.5
The Illusion,34 reviews,4.5
J-Cube Mall,60 reviews,3.5
Willow Stream Spa,41 reviews,4
Night Safari Tour-Wendy Tour,33 reviews,4
Pak Chong market,64 reviews,4
I Asia Singapore,55 reviews,4.5
Downtown East,53 reviews,3.5
Bedok Reservoir Park,55 reviews,4
Aquaria Phuket Thailand,42 reviews,4
TTTM Gigamall,4 reviews,4
Panuba Beach,49 reviews,4
Lorong Halus Wetland,19 reviews,4
Imbiah Lookout,39 reviews,4
Zoo Taiping & Night Safari,397 reviews,3.5
Istana Park,45 reviews,3.5
Presidential palace of Nanjing,803 reviews,4.5
The Slide @ T3,33 reviews,3.5
Ola Beach Club,18 reviews,3.5
NUS Museum,12 reviews,3.5
LilliPutt Indoor Mini Golf,19 reviews,3.5
Queensway Shopping Centre,48 reviews,3.5
SATS Premier Lounge,61 reviews,3.5
D. Bespoke,48 reviews,3.5
112 Katong,66 reviews,3.5
Golden City Batam,11 reviews,3.5
Sago Street (Street Of The Dead),78 reviews,3.5
Tang Dynasty Massage & Spa,26 reviews,3.5
Paya Lebar Square Retail,28 reviews,3
Bedok Jetty,12 reviews,3.5
State Secretariat Building,58 reviews,3.5
WTS Travel,12 reviews,2.5
Zhongshan Mall,50 reviews,3.5
Robinsons The Heeren,42 reviews,3.5
The Rink,20 reviews,3.5
Century Square,14 reviews,3.5
H&M,52 reviews,3.5
True Yoga / Bikram Hot Yoga,12 reviews,2.5
